prediction,mean_Care_Score,mean_Fairness_Score,mean_Loyalty_Score,mean_Authority_Score,mean_Sanctity_Score,mean_Care_Sentiment,mean_Fairness_Sentiment,mean_Loyalty_Sentiment,mean_Authority_Sentiment,mean_Sanctity_Sentiment,stddev_Care_Score,stddev_Fairness_Score,stddev_Loyalty_Score,stddev_Authority_Score,stddev_Sanctity_Score,stddev_Care_Sentiment,stddev_Fairness_Sentiment,stddev_Loyalty_Sentiment,stddev_Authority_Sentiment,stddev_Sanctity_Sentiment
1,2.7771941017754,2.5443279871856723,2.5346554222658115,2.259000121888935,2.2858870038511476,1.4198329341310074,2.4071019354852434,3.044258065050362,2.810477358184686,1.8243481414168385,1.3729555758012268,0.8338436450391672,0.783629123165893,0.723869210239735,0.7504494153337158,1.9568013440650829,1.7954930278546315,1.7419195883145486,1.9174404656411719,1.8671446583155975
0,2.8230062999906127,2.5516313565532407,2.3926129326949495,2.235397599852882,2.3122282317203355,-1.8991783663862392,-0.7949622500999374,-0.017795351560456103,-0.600261162761376,-1.3436389858646645,8.968493161401565,2.002127882047321,0.7530383838541378,0.7264963801524587,0.7877565225604752,1.8271486769706846,1.7122238623402324,1.6481938500944775,1.7252106945846666,1.7683294974626083
