prediction,mean_Care_Virtue,mean_Care_Vice,mean_Fairness_Virtue,mean_Fairness_Vice,mean_Loyalty_Virtue,mean_Loyalty_Vice,mean_Authority_Virtue,mean_Authority_Vice,mean_Sanctity_Virtue,mean_Sanctity_Vice,stddev_Care_Virtue,stddev_Care_Vice,stddev_Fairness_Virtue,stddev_Fairness_Vice,stddev_Loyalty_Virtue,stddev_Loyalty_Vice,stddev_Authority_Virtue,stddev_Authority_Vice,stddev_Sanctity_Virtue,stddev_Sanctity_Vice
1,0.3874903478880802,0.03176870993205486,0.03564365980798147,0.010163777411641763,0.12216923882672961,8.678347368918214E-4,0.05333573041189484,4.0274928649461985E-4,0.031795718931534385,0.15406782406638148,0.5659308896021846,0.13604204854166352,0.1694745438851981,0.0758957184319689,0.36478968028383685,0.01801303400855076,0.19330060878603167,0.009694992914675607,0.1369270871031265,0.41796311304575895
3,2.055543404306235,0.9005980973174688,0.07615420998476337,0.013051679294006573,0.3061290800973664,0.0017564451213363935,0.6357884938108789,0.15267827575202492,1.1710909431368066,0.5158142151529993,2.0262083845146694,1.3021577488689922,0.2940166987056146,0.10994732118724852,0.7730773026992429,0.03444713695821156,1.14313561428052,0.4681738279119483,1.6181515668391468,1.1036524914692394
2,0.5337706919649811,0.3704756930078399,0.8340733001830738,0.7823656856569705,0.21538130928274715,0.25077365406786667,0.26823430319871194,0.022509728775545718,0.13216123602046273,0.40359470352600585,0.874224066393542,0.7874574266298716,1.0778815199028737,0.9885358673293548,0.5883077049828455,0.6669563901711506,0.6466751321312576,0.16063041177350745,0.44529125151530735,0.9255236043233136
0,1.2646814762440992,0.30280832680686914,0.061178622039477874,0.01085977067099406,0.2613736143438124,0.001643955181107296,0.29922929389751235,0.013839517368880906,0.32721714549376624,0.36772404224991473,1.1583624977611466,0.5336389701509058,0.2251694163431544,0.07515633454376107,0.6139180984576125,0.024518367636634054,0.5675963403164279,0.08713860285139623,0.5682254480144624,0.7650896908195881
